BEGIN;


insert into "user" (firstname, lastname, gender, email, password, description, age, city, phone_number, img_url) values 

('Emmanuel', 'Martin', 'Male', 'gnutley0@nature.com', '$2b$10$8c4H.Bt5T2rkmKhIXe.OCeLRWVme2CZBsXdxVMImxFBA5sNWLplUS', 'je vis à bordeaux.', 43, 'Bordeaux', '0123456789', 'https://images.pexels.com/photos/1043473/pexels-photo-1043473.jpeg?auto=compress&cs=tinysrgb&dpr=2&w=500'),

('Julien', 'Maurice', 'Male', 'mruff1@google.com.hk', '$2b$10$8c4H.Bt5T2rkmKhIXe.OCeLRWVme2CZBsXdxVMImxFBA5sNWLplUS', 'je suis de lyon', 30, 'Lyon', '9876543210', 'https://images.pexels.com/photos/1036627/pexels-photo-1036627.jpeg?auto=compress&cs=tinysrgb&dpr=2&w=500'),

('Jeanne', 'Castex', 'Female', 'speaker2@ustream.tv', '$2b$10$8c4H.Bt5T2rkmKhIXe.OCeLRWVme2CZBsXdxVMImxFBA5sNWLplUS', 'je suis de Pau.', 65, 'Pau', '1357493210', 'https://images.pexels.com/photos/8201147/pexels-photo-8201147.jpeg?auto=compress&cs=tinysrgb&dpr=2&w=500'),

('Nicolas', 'Charpin', 'male', 'ehockell3@blogs.com', '$2b$10$8c4H.Bt5T2rkmKhIXe.OCeLRWVme2CZBsXdxVMImxFBA5sNWLplUS', 'je suis en Charente Maritime.', 44, 'La Rochelle', '572-218-0375', 'https://images.pexels.com/photos/775279/pexels-photo-775279.jpeg?auto=compress&cs=tinysrgb&dpr=2&w=500'),

('Haroun', 'Tazieff', 'Male', 'hskaife4@discovery.com', '$2b$10$8c4H.Bt5T2rkmKhIXe.OCeLRWVme2CZBsXdxVMImxFBA5sNWLplUS', 'je vis à paris.', 70, 'Paris', '945-776-4245', 'https://images.pexels.com/photos/3831569/pexels-photo-3831569.jpeg?auto=compress&cs=tinysrgb&dpr=2&w=500'),

('Jordan', 'Espitallier', 'Male', 'sdillicate5@tamu.edu', '$2b$10$8c4H.Bt5T2rkmKhIXe.OCeLRWVme2CZBsXdxVMImxFBA5sNWLplUS', 'je vis en provence. ', 26, 'Aix-en-provence', '497-437-3470', 'https://images.pexels.com/photos/819530/pexels-photo-819530.jpeg?auto=compress&cs=tinysrgb&dpr=2&w=500'),

('Mathieu', 'Eliza', 'Male', 'lszapiro6@techcrunch.com', '$2b$10$8c4H.Bt5T2rkmKhIXe.OCeLRWVme2CZBsXdxVMImxFBA5sNWLplUS', 'Je vis en région parisienne', 33, 'Paris', '903-144-0020', 'https://images.pexels.com/photos/6152477/pexels-photo-6152477.jpeg?auto=compress&cs=tinysrgb&dpr=2&w=500'),

('Angelina', 'Jolie', 'Female', 'tsiggins7@linkedin.com', '$2b$10$8c4H.Bt5T2rkmKhIXe.OCeLRWVme2CZBsXdxVMImxFBA5sNWLplUS', 'j habite en PACA', 47, 'Toulon', '398-158-2974', 'https://images.pexels.com/photos/1181686/pexels-photo-1181686.jpeg?auto=compress&cs=tinysrgb&dpr=2&w=500'),

('Armelle', 'Fanade', 'Female', 'fpendergrast8@dropbox.com', 'ywLeFL', 'je travaille en occitanie du coté de Montpellier', 34, 'Sijean', '702-163-7827', 'https://images.pexels.com/photos/7681255/pexels-photo-7681255.jpeg?auto=compress&cs=tinysrgb&dpr=2&w=500'),

('Patrice ', 'Richard', 'Male', 'vditts9@vinaora.com', 'hwZxX29', 'J habite dans le département des bouches du rhône', 45, 'Marseilles', '763-120-0826', 'https://images.pexels.com/photos/1300402/pexels-photo-1300402.jpeg?auto=compress&cs=tinysrgb&dpr=2&w=500'),

('Emmanuel', 'Macrant', 'Male', 'rsedgmonda@indiatimes.com', '3ctYd4','J essaie d etre un bon président mais j y arrive pas et je vis à Paris' , 44, 'Paris', '902-720-1904', 'https://images.pexels.com/photos/716411/pexels-photo-716411.jpeg?auto=compress&cs=tinysrgb&dpr=3&h=750&w=1260'),

('Robert', 'Redford', 'Male', 'rcrollyb@unblog.fr', 'RPJDwl', 'je suis très connus dans le milieu du cinéma et je vis au etats unis', 55, 'Los Angeles', '605-515-5933', 'https://images.pexels.com/photos/7873096/pexels-photo-7873096.jpeg?auto=compress&cs=tinysrgb&dpr=2&w=500'),

('Laura', 'Marconi', 'Female', 'lmouldc@paginegialle.it', 'U3d6HAY', 'Fan de gastronomie, je vis en italie', 27, 'Venise', '206-747-6594', 'https://images.pexels.com/photos/3987107/pexels-photo-3987107.jpeg?auto=compress&cs=tinysrgb&dpr=2&w=500'),

('Camille', 'Sourin', 'Female', 'tkingzethd@jigsy.com', 'nzS3lg2D', 'j habite aux iles canaries',30, 'La Palma', '628-385-1555', 'https://images.pexels.com/photos/1181690/pexels-photo-1181690.jpeg?auto=compress&cs=tinysrgb&dpr=2&w=500'),

('Mélanie', 'Coppard', 'Female', 'dcopparde@army.mil', 'rbHA8pU6', 'je vis actuellement au Japon', 30, 'Tokyo', '604-917-5205', 'https://images.pexels.com/photos/9726133/pexels-photo-9726133.jpeg?auto=compress&cs=tinysrgb&dpr=2&w=500');


insert into event (title, starting_date, ending_date, img_url, places_left, description, longitude, latitude, user_id) values

('Traveler On Stage', '2022-10-20 19:00:00', '2022-10-21 00:00:00', 'https://images.pexels.com/photos/9051411/pexels-photo-9051411.jpeg?auto=compress&cs=tinysrgb&dpr=2&w=500', 6, 'rendez-vous au café culturel pour discuter et organiser un voyage tout en apprenant une nouvelle langue autour dun bon café', -0.57918, 44.837789, 2),

('Murder Party - Le meurtre d Arthur Pendragon', '2022-11-05 09:00:00', '2022-11-05 17:00:00', 'https://images.pexels.com/photos/1881965/pexels-photo-1881965.jpeg?auto=compress&cs=tinysrgb&dpr=2&w=500', 5, 'Résolvez l assassinat d Arthur Pendragon en parcourant les rues de Lyon tout en apprenant une langue étrangère', 4.835659,45.764043, 8),

('Fête du cinéma japonais à aix-en-provence', '2022-11-10 14:00:00', '2022-11-10 22:30:00', 'https://images.pexels.com/photos/1049622/pexels-photo-1049622.jpeg?auto=compress&cs=tinysrgb&dpr=2&w=500',6, 'Venez assister à la représentation de Your Name en version originale puis discuter du film en parlant japonais autour d un thé', 5.447427, 43.529742, 5),

('Sunday Brunch', '2022-10-20 12:30:00', '2022-10-20 16:30:00', 'https://images.pexels.com/photos/4873695/pexels-photo-4873695.jpeg?auto=compress&cs=tinysrgb&dpr=2&w=500', 6, 'Rendez vous au trocadéro pour bruncher et apprendre une nouvelle langue', 2.3522219, 48.856614, 7),

('Week-end Nature', '2022-10-20 10:00:00', '2022-10-21 18:00:00', 'https://images.pexels.com/photos/132428/pexels-photo-132428.jpeg?auto=compress&cs=tinysrgb&dpr=2&w=500', 3, 'Venez camper en foret pour un week-end et apprendre une nouvelle langue', -1.1672, 44.3945, 1),

('Degustation de houmous', '2022-12-05 20:00:00', '2022-12-5 23:00:00', 'https://images.pexels.com/photos/1618898/pexels-photo-1618898.jpeg?auto=compress&cs=tinysrgb&dpr=2&w=500', 6, 'Venez déguster du houmous et pratiquer les langues du magreb', 1.444209, 43.604652, 6),

('Visite à La Rochelle', '2022-11-28 14:00:00', '2022-11-29 18:00:00', 'https://images.pexels.com/photos/5302525/pexels-photo-5302525.jpeg?auto=compress&cs=tinysrgb&dpr=2&w=500', 6, 'Venez visiter La Rochelle et pratiquez une nouvelle langue entre amis ', -1.151139, 46.160329, 3 ),

('Voyage à Sarlat', '2022-06-20 10:00:00', '2022-07-09 18:00:00', 'https://images.pexels.com/photos/6353830/pexels-photo-6353830.jpeg?auto=compress&cs=tinysrgb&dpr=2&w=500', 5, 'Venez pratiquez une nouvelle langue en visitant Sarlat et le Périgord Noir',1.217292, 44.890891, 4),
 
('Nuit de la lecture', '2022-01-21 11:00:00', '2022-01-24 22:30:00', 'https://images.pexels.com/photos/1907785/pexels-photo-1907785.jpeg?auto=compress&cs=tinysrgb&dpr=2&w=500', 5, 'Venez nous retrouver a une séance de lecture dans la langue de votre choix dans les bibliothèques municipales',1.217292, 44.890891, 4),

('Année de la BD', '2022-01-01 10:00:00', '2022-12-31 18:00:00', 'https://images.pexels.com/photos/6941450/pexels-photo-6941450.jpeg?auto=compress&cs=tinysrgb&dpr=2&w=500', 5, 'Venez lire toutes les bandes dessinées mondiale pour vous instruire dans la langue de votre choix avec vos amis au centre culturel de Blois',1.3359475, 47.5860921, 3),

('Paris Game Week', '2022-10-27 10:30:00', '2022-10-30 20:00:00', 'https://images.pexels.com/photos/7915254/pexels-photo-7915254.jpeg?auto=compress&cs=tinysrgb&dpr=2&w=500', 4, 'Venez découvrir le melleur du jeu vidéo en compagnie de vos amis et découvrir des personnes venues d ailleurs pour pratiquer de nouvelles langues',2.3522219, 48.856614, 5),

('Fete de la bière', '2022-09-17 10:00:00', '2022-10-03 23:00:00', 'https://images.pexels.com/photos/5935229/pexels-photo-5935229.jpeg?auto=compress&cs=tinysrgb&dpr=2&w=500', 5, 'Venez participer à la fête de la bière à Munick, en Allemagne pour communiquer en allemand avec des allemends',81.007996, 26.866107, 7),

('Grande découverte du Japon', '2022-04-04 10:00:00', '2022-04-23 18:00:00', 'https://images.pexels.com/photos/3408354/pexels-photo-3408354.jpeg?auto=compress&cs=tinysrgb&dpr=2&w=500', 6, 'Partez faire une randonée au Japon pour apprendre la langue et rencontrer ces japonais très accueillants',135.7556075, 35.021041 , 1),

('Carnaval de Venise', '2022-02-13 10:45:00', '2022-03-01 18:00:00', 'https://images.pexels.com/photos/53207/carnival-venice-eyes-mask-53207.jpeg?auto=compress&cs=tinysrgb&dpr=2&w=500', 5, 'Venez faire la fête à venise lors de son carnaval,vous restaurer et pratiquer l italien ',12.3345898, 45.4371908, 8),

('U2 Rock', '2023-06-20 20:00:00', '2023-06-20 23:30:00', 'https://images.pexels.com/photos/1105666/pexels-photo-1105666.jpeg?auto=compress&cs=tinysrgb&dpr=2&w=500', 5, 'Réservez vos places pour le concert de U2 à Dublin pour pratiquer l anglais',-6.2602732, 53.3497645, 5),

('Les épicuriales', '2022-05-01 10:00:00', '2022-05-31 18:00:00', 'https://images.pexels.com/photos/3252051/pexels-photo-3252051.jpeg?auto=compress&cs=tinysrgb&dpr=2&w=500', 6, 'Venez découvrir les spécialités gastronomiques du Sud-Ouest à bordeaux en compagnie de d amis pour pratiquer la langue de votre choix',-0.5800364,44.841225 , 4),

('Eruption du Cumbre Vieja', '2022-10-20 10:00:00', '2022-07-09 18:00:00', 'https://images.pexels.com/photos/7301299/pexels-photo-7301299.jpeg?auto=compress&cs=tinysrgb&dpr=2&w=500', 5, 'Venez assister à l eruption du Cumbre Vieja aux iles Canaries pour approfondir ou preatiquer la langue de ce pays',-17.8573223, 28.6552318, 5),

('Visite du parc de Yellowstone ', '2022-06-20 10:00:00', '2022-07-09 18:00:00', 'https://images.pexels.com/photos/7259416/pexels-photo-7259416.jpeg?auto=compress&cs=tinysrgb&dpr=2&w=500', 5, 'Venez viditer ce parc naturel et son immense caldeira qui repose sur un supervolcan et apratiquer l anglais americain',-108.276076, 45.9645464, 8),

('Festival du cinéma Victoria ', '2022-02-04 10:00:00', '2022-02-13 18:00:00', 'https://images.pexels.com/photos/3137890/pexels-photo-3137890.jpeg?auto=compress&cs=tinysrgb&dpr=2&w=500', 5, 'Venez assister à ce festtival pour voir les chefs d oeuvres du 7 eme art et pratiquer la langue de votre choix au Canada ',-123.3649533, 48.4283182, 3);


insert into language ("name") values 
('english'),

('italian'),

('spanish'),

('arab'),

('chinese'),

('japanese'),

('deutsch'),

('indian'),

('french'),

('russian');



insert into tag ("name") values
 ('culture'),

 ('cinema'),

 ('voyage'),

 ('brunch'),

 ('nature'),
 
 ('test');


insert into "event_has_tag" (event_id, tag_id) values 
(1, 4),
(2, 1),
(3, 2),
(4, 4),
(5, 5),
(6, 5),
(7, 3),
(8, 4),
(9, 3),
(10, 1),
(11, 3),
(12, 2),
(13, 4),
(14, 5),
(15, 3),
(16, 1),
(17, 2),
(18, 5),
(19, 4);




insert into "user_learn_language" (user_id, language_id) values
(1, 6),
(2, 1),
(3, 6),
(4, 7),
(5, 2),
(6, 5),
(7, 3),
(8, 4),
(9, 3),
(10, 4),
(11, 3),
(12, 2),
(13, 4),
(14, 5),
(15, 3);



insert into "user_participate_event" (user_id, event_id) values 
(1, 3),
(1, 5),
(2, 1),
(2, 6),
(3, 4),
(3, 7),
(4, 5),
(4, 8),
(5, 1),
(5, 3),
(6, 2),
(6, 6),
(7, 8),
(8, 19),
(9, 16),
(10, 11),
(11, 8),
(12, 14),
(13, 12),
(14, 11),
(15, 17);


insert into "user_speak_language" (user_id, language_id) values
(1, 9),
(2, 7),
(3, 1),
(4, 4),
(5, 5),
(6, 8),
(7, 2),
(8, 6),
(9, 3),
(10, 4),
(11, 5),
(12, 2),
(13, 4),
(14, 5),
(15, 3);


insert into "event_has_language" (event_id, language_id) values
(1, 2),
(2, 3),
(3, 4),
(4, 5),
(5, 6),
(6, 7),
(7, 8),
(8, 1),
(9, 3),
(10, 4),
(11, 5),
(12, 2),
(13, 1),
(14, 5),
(15, 3);


COMMIT